sim_time,order_id,symbol,side,price,lots,reason,step
2020-10-29 09:31:32,a857e67e-c70c-49db-80a2-ca4bf7804082,NVDA,SELL,513.6200,5,PAIR-BID vote=SELL ema=-79.0 z=-1.73,46
2020-10-29 09:31:34,feb432af-3048-4881-a8a1-ce46ae6a7eb3,NVDA,SELL,513.6200,5,PAIR-BID-REPRICE vote=SELL ema=-69.4,47
2020-10-29 09:31:36,e08fa80a-a6a1-41e8-b8a4-8e77dd05c186,NVDA,SELL,513.6200,5,PAIR-BID-REPRICE vote=SELL ema=-52.8,48
2020-10-29 09:31:38,dbe6183d-1ccd-4cde-9453-a8c7aa235645,NVDA,SELL,513.6200,5,PAIR-BID-REPRICE vote=SELL ema=-33.8,49
2020-10-29 09:32:15,c508391d-21b4-466f-9465-41dfcf6bf7b6,NVDA,BUY,514.2500,5,PAIR-BID vote=BUY ema=51.3 z=1.14,86
2020-10-29 09:32:17,7a509d7b-1582-4857-a395-001cffc5dee8,NVDA,BUY,514.2500,5,PAIR-BID-REPRICE vote=BUY ema=51.2,87
2020-10-29 09:32:19,2b34fac2-ea10-4e43-a16f-6fb1de1cf1e5,NVDA,BUY,513.2800,5,PAIR-BID vote=BUY ema=24.4 z=0.45,89
2020-10-29 09:32:20,e91930c7-85c2-4e05-8814-d1c228443216,NVDA,BUY,512.9500,5,PAIR-BID-REPRICE vote=BUY ema=4.7,90
2020-10-29 09:32:23,5ce5f643-b5a0-4a44-b493-2089bb7cb54d,NVDA,BUY,512.3300,5,PAIR-BID-REPRICE vote=None ema=-17.2,91
2020-10-29 09:32:25,3d700f17-aaa1-4f48-bd88-2120a0d31642,NVDA,BUY,512.2900,5,PAIR-BID-REPRICE vote=None ema=-43.6,92
2020-10-29 09:32:27,4d325413-c028-4a02-8083-be6234b078eb,NVDA,BUY,512.7000,5,PAIR-BID-REPRICE vote=None ema=-54.2,93
2020-10-29 09:32:29,24a9582e-ddf3-4009-814f-686c0c291933,NVDA,BUY,513.4200,5,PAIR-BID-REPRICE vote=None ema=-52.1,94
2020-10-29 09:32:31,1b5eb80b-02ac-4884-a1a7-9a3049fc7dbc,NVDA,BUY,513.5000,5,PAIR-BID-REPRICE vote=None ema=-34.7,95
2020-10-29 09:32:33,896559d2-3b69-4908-9f00-01de49ed9901,NVDA,BUY,513.4100,5,PAIR-BID-REPRICE vote=None ema=-18.7,96
2020-10-29 09:32:51,a65e9ec2-3ee7-4770-9337-870df63e7f8a,NVDA,SELL,513.0000,5,PAIR-BID vote=SELL ema=-43.6 z=-1.86,114
2020-10-29 09:32:53,1fe5a827-2543-4016-985f-a8fcb3a781e2,NVDA,SELL,513.0000,5,PAIR-BID-REPRICE vote=SELL ema=-34.0,115
2020-10-29 09:32:54,98b4a10f-dd7e-41a7-af57-78659479f0e6,NVDA,SELL,513.1200,5,PAIR-BID-REPRICE vote=SELL ema=-21.7,116
2020-10-29 09:32:56,801b1282-b343-48e8-9c93-d4409eed3617,NVDA,SELL,513.4100,5,PAIR-BID-REPRICE vote=SELL ema=-8.8,117
2020-10-29 09:33:31,08758604-1bdf-4072-a5b7-6b6141e79932,NVDA,BUY,513.6900,5,PAIR-BID vote=BUY ema=50.0 z=1.40,152
2020-10-29 09:33:33,ad6c7cc5-376c-44e0-a355-10a7e5c4f396,NVDA,BUY,514.5100,5,PAIR-BID vote=BUY ema=38.9 z=0.99,154
2020-10-29 09:33:35,fbee3af2-ea2a-480d-ad95-604b6ef2a340,NVDA,BUY,514.5100,5,PAIR-BID-REPRICE vote=None ema=39.2,155
2020-10-29 09:34:07,4ab507d0-2543-485e-9a08-4350a1a79331,NVDA,SELL,514.1600,5,PAIR-BID vote=SELL ema=-62.2 z=-1.96,186
2020-10-29 09:34:09,c644fdbd-7f4c-49c2-a746-f418f5ab4a58,NVDA,SELL,514.1700,5,PAIR-BID-REPRICE vote=SELL ema=-49.0,187
2020-10-29 09:34:11,c5f97903-6aea-44ad-8f9f-5e31873577ef,NVDA,SELL,514.1200,5,PAIR-BID-REPRICE vote=SELL ema=-48.0,188
2020-10-29 09:34:13,bd4c23e5-715a-4d38-89ec-b7135d979dfc,NVDA,SELL,513.9800,5,PAIR-BID-REPRICE vote=SELL ema=-49.3,189
2020-10-29 09:34:15,b5a8a38a-bfc8-4495-b033-ad4d0cf0fb92,NVDA,SELL,514.1200,5,PAIR-BID vote=SELL ema=-34.1 z=-0.99,191
2020-10-29 09:34:17,aa913c1d-e355-4f4b-98ac-53c1eb38e68f,NVDA,SELL,514.1000,5,PAIR-BID-REPRICE vote=SELL ema=-27.6,192
2020-10-29 09:34:19,c0b04c70-2243-4dab-8f55-f79aaf13747e,NVDA,SELL,514.0900,5,PAIR-BID vote=SELL ema=-33.2 z=-0.93,194
2020-10-29 09:34:21,b37a94ec-6f7c-4610-aafa-066a45581ebc,NVDA,SELL,514.1000,5,PAIR-BID-REPRICE vote=SELL ema=-28.0,195
2020-10-29 09:34:23,edb8dba0-e869-4763-9471-93d388e35a03,NVDA,SELL,513.7500,5,PAIR-BID-REPRICE vote=SELL ema=-19.4,196
2020-10-29 09:34:25,fef22f63-6aef-415e-b87e-7e452879824e,NVDA,SELL,513.9400,5,PAIR-BID vote=SELL ema=-17.0 z=-0.50,198
2020-10-29 09:34:39,472543ec-269c-4a08-bf66-e2194a458be5,NVDA,BUY,514.1100,5,PAIR-BID vote=BUY ema=28.8 z=0.84,212
2020-10-29 09:34:41,9aec77fc-4091-4eb5-9c49-69f7766e59aa,NVDA,BUY,513.5400,5,PAIR-BID vote=BUY ema=3.5 z=0.16,214
2020-10-29 09:34:43,e30ed302-60a7-4412-b5fb-f3984d5de2e9,NVDA,BUY,513.6000,5,PAIR-BID-REPRICE vote=None ema=-7.2,215
2020-10-29 09:34:45,4aff71f0-9541-45b3-b495-bebf3a95378c,NVDA,BUY,513.9100,5,PAIR-BID-REPRICE vote=None ema=-9.5,216
2020-10-29 09:35:00,6cbc041c-8e5c-4131-bb76-9b0214c5e119,NVDA,BUY,513.6400,5,PAIR-BID vote=BUY ema=34.4 z=1.07,230
2020-10-29 09:35:01,160da140-5297-4366-9f17-03e1831b97a0,NVDA,BUY,513.6400,5,PAIR-BID-REPRICE vote=BUY ema=32.6,231
2020-10-29 09:35:04,9352d9ca-1838-436b-9d20-4f5913cf2d8c,NVDA,BUY,513.7800,5,PAIR-BID-REPRICE vote=BUY ema=30.3,232
2020-10-29 09:35:10,f258fce2-1204-4aec-8710-e8341dc0ca29,NVDA,BUY,514.0500,5,PAIR-BID-REPRICE vote=BUY ema=33.5,233
2020-10-29 09:35:17,b41b49de-2d15-4592-9fa7-6af9fb61efcd,NVDA,BUY,514.5000,5,PAIR-BID-REPRICE vote=BUY ema=36.4,234
2020-10-29 09:35:23,96e83f41-9986-4f0b-b9f7-f39cd7837023,NVDA,BUY,514.2600,5,PAIR-BID-REPRICE vote=BUY ema=28.5,235
2020-10-29 09:35:28,237deeb1-d143-4767-9aa4-595dae8e3e86,NVDA,BUY,514.7800,5,PAIR-BID-REPRICE vote=BUY ema=23.2,236
2020-10-29 09:35:37,9a985971-9aa8-4999-85ba-42f01f5c357a,NVDA,BUY,514.6200,5,PAIR-BID-REPRICE vote=BUY ema=23.0,237
2020-10-29 09:35:48,369d4594-4c8a-4e52-ab57-1bc975dd4b6f,NVDA,BUY,514.6600,5,PAIR-BID-REPRICE vote=BUY ema=19.2,238
2020-10-29 09:35:51,c0f466f6-f8c0-4dd4-83b3-f99063977ddb,NVDA,BUY,514.5900,5,PAIR-BID vote=BUY ema=4.6 z=0.17,240
2020-10-29 09:36:15,fd3513b5-46fd-4d3c-a26b-36201ac72aa0,NVDA,BUY,515.7500,5,PAIR-BID vote=BUY ema=114.9 z=3.16,260
2020-10-29 09:36:18,a7d82c1d-f51b-4926-b24f-7d69ac851467,NVDA,BUY,515.7600,5,PAIR-BID vote=BUY ema=103.4 z=2.36,262
2020-10-29 09:36:20,08367ff7-0be7-4716-a5da-d0b70ba9b972,NVDA,BUY,515.7100,5,PAIR-BID vote=BUY ema=95.8 z=1.91,264
2020-10-29 09:36:21,0423ebb1-fcf9-458c-95c3-d0505b454fd3,NVDA,BUY,515.6300,5,PAIR-BID vote=BUY ema=66.4 z=1.01,266
2020-10-29 09:36:23,1c87cd72-c6ad-44e8-84ee-900c0723d7f7,NVDA,BUY,515.3500,5,PAIR-BID vote=BUY ema=26.6 z=-0.06,268
2020-10-29 09:36:31,e4a288d5-10ed-4075-8265-422023999d6c,NVDA,SELL,514.8200,5,PAIR-BID vote=SELL ema=-103.1 z=-2.30,277
2020-10-29 09:36:37,875be63e-1262-4412-b15a-e9597a9e037c,NVDA,SELL,514.8100,5,PAIR-BID-REPRICE vote=SELL ema=-102.9,278
2020-10-29 09:36:41,b85787a9-9846-415d-8c0c-e074439dd7ac,NVDA,SELL,514.6400,5,PAIR-BID-REPRICE vote=SELL ema=-90.1,279
2020-10-29 09:36:45,d9032fba-bdbc-41f9-8fe7-f0f77b031bb6,NVDA,SELL,515.1400,5,PAIR-BID-REPRICE vote=SELL ema=-81.2,280
2020-10-29 09:36:48,7eef8c7b-f3d1-4836-83e1-3dc34e73125b,NVDA,SELL,514.7300,5,PAIR-BID-REPRICE vote=SELL ema=-70.5,281
2020-10-29 09:36:50,aeaa0230-fdef-406f-9a1c-3c4952504ac7,NVDA,SELL,514.8000,5,PAIR-BID-REPRICE vote=SELL ema=-60.1,282
2020-10-29 09:36:55,953b5905-3085-4bda-8598-16c3336b3fe7,NVDA,SELL,514.3000,5,PAIR-BID-REPRICE vote=SELL ema=-49.3,283
2020-10-29 09:36:57,a654799d-7609-4739-bb83-1540c8a36917,NVDA,SELL,514.8500,5,PAIR-BID vote=SELL ema=-30.6 z=-0.63,285
2020-10-29 09:36:59,a73df4d7-b8f9-465e-aaf8-12bcef17ba77,NVDA,SELL,514.7200,5,PAIR-BID-REPRICE vote=SELL ema=-27.2,286
2020-10-29 09:37:01,b585ad19-d896-4e98-8905-74f7fb335c49,NVDA,SELL,514.7900,5,PAIR-BID-REPRICE vote=SELL ema=-23.4,287
2020-10-29 09:37:02,37c3cbfa-9b00-443b-a9a4-1d69c0cd3232,NVDA,SELL,515.1300,5,PAIR-BID-REPRICE vote=SELL ema=-11.4,288
2020-10-29 09:37:04,ad2e2500-b420-444a-9d9d-b97cf92740e0,NVDA,SELL,515.4100,5,PAIR-BID-REPRICE vote=None ema=2.5,289
2020-10-29 09:37:15,ab06aa52-8ddd-41d9-851d-c0642aae434f,NVDA,BUY,515.6200,5,PAIR-BID vote=BUY ema=55.9 z=0.77,299
2020-10-29 09:37:19,99361845-23b7-4810-83d6-8629e6a30919,NVDA,BUY,515.8300,5,PAIR-BID-REPRICE vote=BUY ema=53.1,300
2020-10-29 09:37:23,90fa1e48-cfcf-4e49-99bc-d93902c64bfd,NVDA,BUY,516.0100,5,PAIR-BID-REPRICE vote=BUY ema=41.8,301
2020-10-29 09:37:28,7c202ca6-9872-4551-8faf-b68e1a573084,NVDA,BUY,516.0200,5,PAIR-BID-REPRICE vote=BUY ema=37.5,302
2020-10-29 09:37:33,1aa3cf2a-6217-4518-8288-b86213f5255b,NVDA,BUY,516.3800,5,PAIR-BID-REPRICE vote=BUY ema=39.8,303
2020-10-29 09:37:36,1198a835-9c37-4d4d-8cc6-09f41c625223,NVDA,BUY,516.4200,5,PAIR-BID-REPRICE vote=None ema=41.2,304
2020-10-29 09:37:38,9b677b41-5604-42a0-abf8-8ed667a99fcd,NVDA,BUY,516.4400,5,PAIR-BID-REPRICE vote=None ema=47.5,305
2020-10-29 09:37:40,757d68ff-150f-462b-9b07-daab558fe3d2,NVDA,BUY,516.7200,5,PAIR-BID-REPRICE vote=None ema=56.7,306
2020-10-29 09:37:59,8834844d-66c1-48a6-a88c-723887135b66,NVDA,SELL,515.6700,5,PAIR-BID vote=SELL ema=-45.4 z=-0.82,325
2020-10-29 09:38:01,4b3a2f05-cdff-4d5c-87d8-dd65bd200fd3,NVDA,SELL,515.3200,5,PAIR-BID-REPRICE vote=SELL ema=-51.6,326
2020-10-29 09:38:03,d6bc0e4e-c3ba-4c84-8a9f-bd1b0639cfb5,NVDA,SELL,515.5600,5,PAIR-BID vote=SELL ema=-41.7 z=-0.67,328
2020-10-29 09:38:05,86b44347-296c-4a8e-ae61-41e01b4aebd0,NVDA,SELL,515.4800,5,PAIR-BID-REPRICE vote=SELL ema=-44.3,329
2020-10-29 09:38:07,6e51d9c6-4983-4259-b10e-c6bd5d5d79a6,NVDA,SELL,515.4800,5,PAIR-BID-REPRICE vote=SELL ema=-45.2,330
2020-10-29 09:38:09,c482be90-9c8f-48dd-8c23-0a77eee0e87a,NVDA,SELL,515.4800,5,PAIR-BID-REPRICE vote=SELL ema=-40.9,331
2020-10-29 09:38:11,0c235f63-fbc7-41c2-8088-4bbc6b107837,NVDA,SELL,515.4400,5,PAIR-BID vote=SELL ema=-29.4 z=-0.45,333
2020-10-29 09:38:13,ae30b1b1-c711-4b99-9368-fb55df7e4ba3,NVDA,SELL,515.0600,5,PAIR-BID vote=SELL ema=-31.5 z=-0.56,335
2020-10-29 09:38:25,1e594216-06fa-4671-9cce-5feaa1b9ac87,NVDA,BUY,515.3900,5,PAIR-BID vote=BUY ema=128.1 z=2.03,347
2020-10-29 09:38:27,3abf6cad-c814-4515-810f-bd2817872a91,NVDA,BUY,515.4100,5,PAIR-BID-REPRICE vote=BUY ema=120.4,348
2020-10-29 09:38:29,715f31b3-298d-4e28-9eac-71dc1d9001e8,NVDA,BUY,515.4100,5,PAIR-BID-REPRICE vote=BUY ema=113.2,349
2020-10-29 09:38:31,34de4bd8-0f14-4200-8061-b39f3bebc2ed,NVDA,BUY,515.3900,5,PAIR-BID-REPRICE vote=BUY ema=90.1,350
2020-10-29 09:38:33,79ee8991-7e1a-4769-8118-049a1ee8f738,NVDA,BUY,515.3400,5,PAIR-BID-REPRICE vote=BUY ema=68.9,351
2020-10-29 09:38:35,21f3dc86-7837-4e17-8839-8248ce49b178,NVDA,BUY,515.4300,5,PAIR-BID-REPRICE vote=BUY ema=56.7,352
2020-10-29 09:38:37,1a1467bc-6978-4089-aa79-45b652e31b3c,NVDA,BUY,515.4200,5,PAIR-BID-REPRICE vote=None ema=46.9,353
2020-10-29 09:38:39,9dea21cb-064e-4852-ae01-5aca9c217c71,NVDA,BUY,515.2300,5,PAIR-BID-REPRICE vote=None ema=33.0,354
2020-10-29 09:38:41,820a8ec6-a90b-44da-a813-bf728b338a33,NVDA,BUY,515.3900,5,PAIR-BID-REPRICE vote=None ema=28.8,355
2020-10-29 09:38:43,2d495bfb-b311-45e9-8e12-1aa6246be2cb,NVDA,BUY,515.2100,5,PAIR-BID-REPRICE vote=None ema=22.0,356
2020-10-29 09:38:45,4565fcda-a800-4462-81f8-095558544d06,NVDA,BUY,515.3000,5,PAIR-BID-REPRICE vote=None ema=13.5,357
2020-10-29 09:38:47,df2ae0b7-ecde-49cb-b106-6fd2452e6cbb,NVDA,BUY,515.3000,5,PAIR-BID-REPRICE vote=None ema=8.7,358
2020-10-29 09:38:49,cc1c852e-de2f-4b10-9069-7a7ea0c7baaa,NVDA,BUY,515.0300,5,PAIR-BID-REPRICE vote=None ema=3.0,359
2020-10-29 09:38:51,37695459-6427-4396-a12c-9e3d064fa6a0,NVDA,BUY,515.0800,5,PAIR-BID-REPRICE vote=None ema=-5.2,360
2020-10-29 09:38:54,9b27f1bf-1524-4dab-a6f2-91efc3e99303,NVDA,BUY,515.0300,5,PAIR-BID-REPRICE vote=None ema=-7.6,361
2020-10-29 09:38:56,b9974673-82fe-4527-886d-e4d2c228fd25,NVDA,BUY,515.1500,5,PAIR-BID-REPRICE vote=None ema=-8.0,362
2020-10-29 09:38:58,b5405f76-23ae-42e3-8508-0b2989baa7ec,NVDA,BUY,515.0200,5,PAIR-BID-REPRICE vote=None ema=-11.5,363
2020-10-29 09:39:18,b7833480-df53-49d5-bfe9-5286e1f13b03,NVDA,SELL,514.8200,5,PAIR-BID vote=SELL ema=-31.4 z=-0.88,384
2020-10-29 09:39:20,d82ea0b3-b764-43c2-9201-9c6bd1054274,NVDA,SELL,514.4000,5,PAIR-BID-REPRICE vote=SELL ema=-44.2,385
2020-10-29 09:39:22,e281d76a-dd26-4788-8d7f-f54fc9365859,NVDA,SELL,514.5800,5,PAIR-BID-REPRICE vote=SELL ema=-50.1,386
2020-10-29 09:39:26,67b2f7d5-a2c1-4b3c-992b-37f662ad884a,NVDA,SELL,514.2600,5,PAIR-BID-REPRICE vote=SELL ema=-57.7,387
2020-10-29 09:39:29,13f17f5e-0ce9-43c2-ab13-337815f58ae0,NVDA,SELL,514.3600,5,PAIR-BID-REPRICE vote=SELL ema=-49.4,388
2020-10-29 09:39:30,19d86fe7-5c66-4eb8-a045-507463c028a7,NVDA,SELL,514.2900,5,PAIR-BID-REPRICE vote=SELL ema=-36.6,389
2020-10-29 09:39:33,95053093-8760-4d4a-9ff2-a380a4907b18,NVDA,SELL,514.3500,5,PAIR-BID-REPRICE vote=SELL ema=-33.0,390
2020-10-29 09:39:35,57ae39bd-7eb6-4406-9f78-366024c1c327,NVDA,SELL,514.4900,5,PAIR-BID vote=SELL ema=-15.7 z=-0.59,392
2020-10-29 09:39:37,45d3dc78-71d3-4e15-a432-c87b311ba6c8,NVDA,SELL,514.4900,5,PAIR-BID-REPRICE vote=None ema=-7.9,393
2020-10-29 09:39:39,2bea5d93-bed3-40af-9adb-ec9d765d80f7,NVDA,SELL,514.4900,5,PAIR-BID-REPRICE vote=None ema=-9.0,394
2020-10-29 09:39:41,ea95d596-8c46-452c-aa77-b066e11acb43,NVDA,SELL,514.4400,5,PAIR-BID-REPRICE vote=None ema=-6.7,395
2020-10-29 09:39:42,18807a31-ca5f-4f65-8b91-c5c1be2bcfb1,NVDA,SELL,514.5200,5,PAIR-BID-REPRICE vote=None ema=5.1,396
2020-10-29 09:40:01,11e78639-b3f9-47bc-b0ce-0c14e1392a6c,NVDA,BUY,515.6000,5,PAIR-BID vote=BUY ema=148.1 z=3.32,414
2020-10-29 09:40:03,28816933-102d-47b9-a524-de968cb90f22,NVDA,BUY,515.7100,5,PAIR-BID-REPRICE vote=BUY ema=165.3,415
2020-10-29 09:40:05,6d7b28dd-f9d7-4b8d-9462-61fe8cc068b4,NVDA,BUY,515.9300,5,PAIR-BID-REPRICE vote=BUY ema=156.4,416
2020-10-29 09:40:06,3aa29ccd-aed7-4482-a76c-0b716a21204b,NVDA,BUY,515.9400,5,PAIR-BID-REPRICE vote=BUY ema=143.8,417
2020-10-29 09:40:09,0d19303c-2318-487b-847f-f037d4a71ba5,NVDA,BUY,515.9400,5,PAIR-BID-REPRICE vote=BUY ema=125.4,418
2020-10-29 09:40:11,d49f4fd9-ba75-4cb7-8ca5-82a01d791908,NVDA,BUY,515.9900,5,PAIR-BID-REPRICE vote=BUY ema=116.0,419
2020-10-29 09:40:15,aab23525-b8e3-4b55-8b00-0ecec8015a0d,NVDA,BUY,515.9700,5,PAIR-BID-REPRICE vote=BUY ema=100.4,420
2020-10-29 09:40:22,8d01f2eb-89fc-4a5a-9117-9fd74a097ac1,NVDA,BUY,515.2500,5,PAIR-BID-REPRICE vote=BUY ema=76.3,421
2020-10-29 09:40:31,e1344b54-e467-455f-968f-91abdda2c11d,NVDA,BUY,515.1300,5,PAIR-BID-REPRICE vote=BUY ema=49.6,422
2020-10-29 09:40:46,c3fc292f-a247-4fae-939a-ddffba8a9d4a,NVDA,SELL,514.5100,5,PAIR-BID vote=SELL ema=-95.6 z=-1.79,433
2020-10-29 09:40:51,5ba98645-d5fd-4b85-9df9-80de1a2b75e8,NVDA,SELL,514.4200,5,PAIR-BID-REPRICE vote=SELL ema=-109.4,434
2020-10-29 09:40:53,05fd8c59-37fb-48ac-8810-cf01811e9324,NVDA,SELL,514.7100,5,PAIR-BID-REPRICE vote=SELL ema=-103.4,435
2020-10-29 09:40:56,eb68803f-abc5-4c4b-bc91-7212532c470b,NVDA,SELL,514.7500,5,PAIR-BID-REPRICE vote=SELL ema=-93.6,436
2020-10-29 09:40:59,656070e7-9059-421b-8822-4846c5f0ad31,NVDA,SELL,514.5800,5,PAIR-BID-REPRICE vote=SELL ema=-79.4,437
2020-10-29 09:41:02,da91f135-e29b-4cce-bbb8-e9cbbad0f686,NVDA,SELL,514.4000,5,PAIR-BID-REPRICE vote=SELL ema=-65.3,438
2020-10-29 09:41:05,5c866b77-43b8-43db-8496-70eef74e7a2d,NVDA,SELL,514.6600,5,PAIR-BID-REPRICE vote=SELL ema=-52.0,439
2020-10-29 09:41:08,3e393c5d-4ec3-4c39-9407-182428ee2ec8,NVDA,SELL,514.5600,5,PAIR-BID-REPRICE vote=SELL ema=-49.4,440
2020-10-29 09:41:09,92028b05-08cf-4b7b-9bd9-60ac8d725744,NVDA,SELL,514.5200,5,PAIR-BID-REPRICE vote=SELL ema=-46.0,441
2020-10-29 09:41:12,0b61f5d5-e862-4caa-8773-633f6e45eff6,NVDA,SELL,514.2400,5,PAIR-BID-REPRICE vote=SELL ema=-49.4,442
2020-10-29 09:41:14,47ad8374-a802-49d2-a691-c083845d91c9,NVDA,SELL,514.1200,5,PAIR-BID-REPRICE vote=SELL ema=-53.7,443
2020-10-29 09:41:16,84fe0b9c-2ba8-4153-bea4-95615505e117,NVDA,SELL,513.6700,5,PAIR-BID-REPRICE vote=SELL ema=-70.6,444
2020-10-29 09:41:18,a2592b1b-40d5-4051-aeba-57af700e29fb,NVDA,SELL,513.5000,5,PAIR-BID-REPRICE vote=SELL ema=-79.8,445
2020-10-29 09:41:19,95f06f7b-ac35-4d39-8bd5-6989eff6306c,NVDA,SELL,513.2500,5,PAIR-BID-REPRICE vote=SELL ema=-88.6,446
2020-10-29 09:41:22,b4897e65-a608-47fd-b6c2-212a1dc8b35e,NVDA,SELL,513.2900,5,PAIR-BID-REPRICE vote=SELL ema=-86.5,447
2020-10-29 09:41:24,81db6d5f-6b9c-453a-82d1-6c0c9f4f7d27,NVDA,SELL,513.2700,5,PAIR-BID-REPRICE vote=SELL ema=-79.8,448
2020-10-29 09:41:26,6901876b-b410-448d-a5b7-5c3d4aed03c4,NVDA,SELL,513.3600,5,PAIR-BID vote=SELL ema=-40.2 z=-0.61,450
2020-10-29 09:42:21,1bad9a2b-d464-4341-9b29-40da9f5d162b,NVDA,SELL,512.7400,5,PAIR-BID vote=SELL ema=-110.6 z=-2.22,505
2020-10-29 09:42:23,1a25bf20-3060-4363-8ddf-87d7cdd4ef19,NVDA,SELL,512.8600,5,PAIR-BID vote=SELL ema=-107.2 z=-2.07,507
2020-10-29 09:42:25,53b6ff13-93b2-40ce-bf8d-7b93fb4db576,NVDA,SELL,512.9600,5,PAIR-BID vote=SELL ema=-90.6 z=-1.63,509
2020-10-29 09:42:28,887c8e40-4216-4891-9ad4-c33cb1a6a83b,NVDA,SELL,512.8100,5,PAIR-BID vote=SELL ema=-66.9 z=-1.06,511
2020-10-29 09:42:30,472c3993-572e-470f-bc3a-14452c4cec8e,NVDA,SELL,512.5300,5,PAIR-BID vote=SELL ema=-45.7 z=-0.57,513
2020-10-29 09:42:31,5a8cda98-9d12-4e89-aa34-caacf2c48be8,NVDA,SELL,512.5300,5,PAIR-BID vote=SELL ema=-29.7 z=-0.19,515
2020-10-29 09:43:09,8bacca81-5f81-4275-8955-09116e56a58d,NVDA,SELL,510.7900,5,PAIR-BID vote=SELL ema=-75.3 z=-0.82,552
2020-10-29 09:43:11,d60f6867-707a-4afc-a761-9948de7abc37,NVDA,SELL,511.1900,5,PAIR-BID vote=SELL ema=-47.6 z=0.05,554
2020-10-29 09:43:22,21d7f6f5-8054-425c-b628-d555f39daa1e,NVDA,BUY,511.1200,5,PAIR-BID vote=BUY ema=51.5 z=1.80,565
2020-10-29 09:43:25,55fc0988-a4e9-4029-af6b-14caeb26d112,NVDA,BUY,511.2400,5,PAIR-BID-REPRICE vote=BUY ema=48.2,566
2020-10-29 09:43:27,17546f68-3d4f-4baf-a86e-c63c2c2c9298,NVDA,BUY,511.6000,5,PAIR-BID-REPRICE vote=BUY ema=43.7,567
2020-10-29 09:43:29,00105ff3-cda5-4e42-9252-cfe43bc3de3a,NVDA,BUY,511.6500,5,PAIR-BID-REPRICE vote=BUY ema=39.2,568
2020-10-29 09:43:31,db64cff4-8653-4874-b44f-3154217c62a7,NVDA,BUY,511.6600,5,PAIR-BID-REPRICE vote=BUY ema=41.4,569
2020-10-29 09:43:32,e6592909-bee1-479a-a5f0-4d76de32ab86,NVDA,BUY,511.6700,5,PAIR-BID-REPRICE vote=BUY ema=41.9,570
2020-10-29 09:43:35,437ba5d9-4b0f-44b7-b118-20e40ee6edae,NVDA,BUY,511.6900,5,PAIR-BID vote=BUY ema=49.0 z=1.42,572
2020-10-29 09:43:37,22746197-c1b3-4411-9e83-e118e6a13ddc,NVDA,BUY,511.7000,5,PAIR-BID-REPRICE vote=BUY ema=48.4,573
2020-10-29 09:43:39,ca3025f6-8f77-45f3-be6f-d00b7cfd7294,NVDA,BUY,511.7400,5,PAIR-BID-REPRICE vote=BUY ema=49.2,574
2020-10-29 09:43:41,e5ded10d-8f3a-462a-a8b9-076bfe8ffa4c,NVDA,BUY,511.9100,5,PAIR-BID-REPRICE vote=BUY ema=53.4,575
2020-10-29 09:43:43,e0d6ff67-d9bc-4f32-a80d-281c57b0e398,NVDA,BUY,512.1000,5,PAIR-BID-REPRICE vote=BUY ema=61.6,576
2020-10-29 09:43:43,5863b18e-b44f-4186-9e5d-8a848b1ac8d7,NVDA,BUY,512.4200,5,PAIR-BID-REPRICE vote=BUY ema=72.6,577
2020-10-29 09:43:43,be9dd7a7-af73-45e3-a631-5e2fbacdc21a,NVDA,BUY,512.4200,5,PAIR-BID-REPRICE vote=BUY ema=78.8,578
2020-10-29 09:43:43,15f385a7-ae97-4946-bb50-1451561ac691,NVDA,BUY,512.4200,5,PAIR-BID-REPRICE vote=BUY ema=83.6,579
2020-10-29 09:43:43,881c98fa-33b6-483b-b815-6113fc3fed45,NVDA,BUY,512.4200,5,PAIR-BID-REPRICE vote=BUY ema=87.4,580
2020-10-29 09:43:43,3fdc9576-f275-4a94-baae-0c8131215371,NVDA,BUY,512.4200,5,PAIR-BID-REPRICE vote=BUY ema=86.7,581
2020-10-29 09:43:43,4e88144e-ee14-41a7-a17b-abfb09c79067,NVDA,BUY,512.4200,5,PAIR-BID-REPRICE vote=BUY ema=86.2,582
2020-10-29 09:43:43,fbd4f7e7-fd63-4fa4-be7d-690355618208,NVDA,BUY,512.4200,5,PAIR-BID-REPRICE vote=BUY ema=79.4,583
2020-10-29 09:43:43,931d65ce-934f-4c08-9cc2-0b591bc96eee,NVDA,BUY,512.4200,5,PAIR-BID-REPRICE vote=BUY ema=74.0,584
2020-10-29 09:43:43,a8fbda11-c6a4-49ee-8abb-19ee6b06eeb2,NVDA,BUY,512.4200,5,PAIR-BID-REPRICE vote=BUY ema=64.3,585
2020-10-29 09:43:43,edd0914c-3a6d-467c-8e92-f09e878dbc42,NVDA,BUY,512.4200,5,PAIR-BID-REPRICE vote=BUY ema=56.6,586
2020-10-29 09:43:43,267792a5-d54b-4859-956a-da4c00088a5b,NVDA,BUY,512.4200,5,PAIR-BID-REPRICE vote=BUY ema=45.3,587
2020-10-29 09:43:43,416b89e4-9c84-48a7-af77-25753e203e95,NVDA,BUY,512.4200,5,PAIR-BID-REPRICE vote=BUY ema=36.2,588
2020-10-29 09:43:43,ef31a31c-a2a6-4ed2-b31e-a4cc78cf40ed,NVDA,BUY,512.4200,5,PAIR-BID-REPRICE vote=BUY ema=29.0,589
2020-10-29 09:43:43,3b6d4782-b624-4f89-9fad-97175d6bd4eb,NVDA,BUY,512.4200,5,PAIR-BID-REPRICE vote=None ema=23.2,590
2020-10-29 09:43:43,f4398025-ca68-4f82-98bf-f3de0a672aa2,NVDA,BUY,512.4200,5,PAIR-BID-REPRICE vote=None ema=18.5,591
2020-10-29 09:43:43,037ac6fb-a594-4abc-80c9-d0a593135d2a,NVDA,BUY,512.4200,5,PAIR-BID-REPRICE vote=None ema=14.8,592
2020-10-29 09:43:43,92934ccd-e514-47a5-a93c-90c3c1309275,NVDA,BUY,512.4200,5,PAIR-BID-REPRICE vote=None ema=11.9,593
2020-10-29 09:43:43,7a1c1684-23ea-4b64-b4f9-9271f244cad4,NVDA,BUY,512.4200,5,PAIR-BID-REPRICE vote=None ema=9.5,594
2020-10-29 09:43:43,d01046bc-e784-4576-8438-1ec02affb106,NVDA,BUY,512.4200,5,PAIR-BID-REPRICE vote=None ema=7.6,595
2020-10-29 09:43:43,88a3f252-f4d6-427b-a4ec-57d2ecec1e67,NVDA,BUY,512.4200,5,PAIR-BID-REPRICE vote=None ema=6.1,596
2020-10-29 09:43:43,044426df-06dd-4ab6-9293-fcc3dba74ec6,NVDA,BUY,512.4200,5,PAIR-BID-REPRICE vote=None ema=4.9,597
2020-10-29 09:43:43,1759d57a-8e79-49ce-8528-0b2814809054,NVDA,BUY,512.4200,5,PAIR-BID-REPRICE vote=None ema=3.9,598
2020-10-29 09:43:43,468a2f34-015a-4f8a-af3a-b60999f9d79d,NVDA,BUY,512.4200,5,PAIR-BID-REPRICE vote=None ema=3.1,599
2020-10-29 09:43:43,7ea76096-a454-42ab-b8d8-fcdd310ee624,NVDA,BUY,512.4200,5,PAIR-BID-REPRICE vote=None ema=2.5,600
2020-10-29 09:43:43,e16aa591-286e-484f-9c79-afd87c650f1b,NVDA,BUY,512.4200,5,PAIR-BID-REPRICE vote=None ema=2.0,601
2020-10-29 09:43:43,bba3c921-56fe-4ec8-b8cc-7eb35f1f285f,NVDA,BUY,512.4200,5,PAIR-BID-REPRICE vote=None ema=1.6,602
2020-10-29 09:43:43,72e59f5c-7b89-474b-a3c1-1461d99e7ff0,NVDA,BUY,512.4200,5,PAIR-BID-REPRICE vote=None ema=1.3,603
2020-10-29 09:43:43,c49b16d8-27cc-4abf-a8b1-878754926ac9,NVDA,BUY,512.4200,5,PAIR-BID-REPRICE vote=None ema=1.0,604
2020-10-29 09:43:43,20870728-8a4b-4e3d-a249-de324350c595,NVDA,BUY,512.4200,5,PAIR-BID-REPRICE vote=None ema=0.8,605
2020-10-29 09:43:43,9e6f3b6c-0e05-4d28-bc6b-bf9c4e95740e,NVDA,BUY,512.4200,5,PAIR-BID-REPRICE vote=None ema=0.7,606
2020-10-29 09:43:43,e425b262-d55b-4e89-a0eb-2b78e9bce6d9,NVDA,BUY,512.4200,5,PAIR-BID-REPRICE vote=None ema=0.5,607
2020-10-29 09:43:43,99091bdc-1a8b-4785-9ec6-014ef1f74fdd,NVDA,BUY,512.4200,5,PAIR-BID-REPRICE vote=None ema=0.4,608
2020-10-29 09:43:43,8b08c077-0b59-42bb-ac4b-7570eab0be3d,NVDA,BUY,512.4200,5,PAIR-BID-REPRICE vote=None ema=0.3,609
2020-10-29 09:43:43,158a216d-a947-49ad-9374-6becbf8a7343,NVDA,BUY,512.4200,5,PAIR-BID-REPRICE vote=None ema=0.3,610
2020-10-29 09:43:43,c213bd7d-f9cf-4c7f-ab5c-b3c662efc190,NVDA,BUY,512.4200,5,PAIR-BID-REPRICE vote=None ema=0.2,611
2020-10-29 09:43:43,fe6d6a31-723d-4993-ae0c-6c508c03cf8b,NVDA,BUY,512.4200,5,PAIR-BID-REPRICE vote=None ema=0.2,612
2020-10-29 09:43:43,4935282d-8659-4982-88fb-385c371bb93d,NVDA,BUY,512.4200,5,PAIR-BID-REPRICE vote=None ema=0.1,613
2020-10-29 09:43:43,8a9787c4-438d-400f-8e04-371d1e982889,NVDA,BUY,512.4200,5,PAIR-BID-REPRICE vote=None ema=0.1,614
2020-10-29 09:43:43,8c02ca04-45b8-4f98-9d76-63ab0a05a043,NVDA,BUY,512.4200,5,PAIR-BID-REPRICE vote=None ema=0.1,615
2020-10-29 09:43:43,b4c5c5ab-d70d-4f98-9ca5-1a0b642b16ab,NVDA,BUY,512.4200,5,PAIR-BID-REPRICE vote=None ema=0.1,616
2020-10-29 09:43:43,d7020e35-e136-49d8-b6b9-7019da2c2477,NVDA,BUY,512.4200,5,PAIR-BID-REPRICE vote=None ema=0.1,617
2020-10-29 09:43:43,32ec4640-337d-4af1-8254-aab2c819c5bb,NVDA,BUY,512.4200,5,PAIR-BID-REPRICE vote=None ema=0.0,618
2020-10-29 09:43:43,ed1cb9dc-b522-4c60-9665-048fb7e71672,NVDA,BUY,512.4200,5,PAIR-BID-REPRICE vote=None ema=0.0,619
2020-10-29 09:43:43,68eaa90d-af6e-4178-82ac-ccb6459d564e,NVDA,BUY,512.4200,5,PAIR-BID-REPRICE vote=None ema=0.0,620
2020-10-29 09:43:43,064724cb-2b28-4529-9c4a-d2739b6028da,NVDA,BUY,512.4200,5,PAIR-BID-REPRICE vote=None ema=0.0,621
2020-10-29 09:43:43,0185dd08-d662-486a-827c-a6bff6938c44,NVDA,BUY,512.4200,5,PAIR-BID-REPRICE vote=None ema=0.0,622
2020-10-29 09:43:43,d1f280a5-c901-4002-b98a-7b354efb8cf3,NVDA,BUY,512.4200,5,PAIR-BID-REPRICE vote=None ema=0.0,623
2020-10-29 09:43:43,ca358e72-7a20-4e49-8f1a-175302f7752a,NVDA,BUY,512.4200,5,PAIR-BID-REPRICE vote=None ema=0.0,624
2020-10-29 09:43:43,c8fcff72-d3c1-486b-be9b-f3b17cd473fd,NVDA,BUY,512.4200,5,PAIR-BID-REPRICE vote=None ema=0.0,625
2020-10-29 09:43:43,961d7d12-5179-43d5-9844-95b8c1b760d3,NVDA,BUY,512.4200,5,PAIR-BID-REPRICE vote=None ema=0.0,626
2020-10-29 09:43:43,5317be50-f1fb-466f-80a2-339bd36cc242,NVDA,BUY,512.4200,5,PAIR-BID-REPRICE vote=None ema=0.0,627
2020-10-29 09:43:43,ebc29b4f-5d7f-4007-9d45-24d92d9fa0ce,NVDA,BUY,512.4200,5,PAIR-BID-REPRICE vote=None ema=0.0,628
2020-10-29 09:43:43,d67a08ea-c87d-4fa9-ac74-3a709598ed0c,NVDA,BUY,512.4200,5,PAIR-BID-REPRICE vote=None ema=0.0,629
2020-10-29 09:43:43,eefe2228-5e03-4940-b686-9565e348a445,NVDA,BUY,512.4200,5,PAIR-BID-REPRICE vote=None ema=0.0,630
2020-10-29 09:43:43,f015048b-c842-4a66-8b0c-cec4066675fd,NVDA,BUY,512.4200,5,PAIR-BID-REPRICE vote=None ema=0.0,631
2020-10-29 09:43:43,df15ce24-77f6-4051-9cfb-c93223acf2e9,NVDA,BUY,512.4200,5,PAIR-BID-REPRICE vote=None ema=0.0,632
2020-10-29 09:43:43,3e652960-837d-45d5-9a1e-e5e7e81208ac,NVDA,BUY,512.4200,5,PAIR-BID-REPRICE vote=None ema=0.0,633
2020-10-29 09:43:43,991579a0-232d-472d-a42b-1bea4a7afd3b,NVDA,BUY,512.4200,5,PAIR-BID-REPRICE vote=None ema=0.0,634
2020-10-29 09:43:43,1dfd839f-88d5-4661-8cec-2c1f7c95c205,NVDA,BUY,512.4200,5,PAIR-BID-REPRICE vote=None ema=0.0,635
2020-10-29 09:43:43,fcc017cc-b3ed-49eb-8520-7b1987be7086,NVDA,BUY,512.4200,5,PAIR-BID-REPRICE vote=None ema=0.0,636
2020-10-29 09:43:43,d5c1c0df-d3df-4fed-aaae-c4d22e00417d,NVDA,BUY,512.4200,5,PAIR-BID-REPRICE vote=None ema=0.0,637
2020-10-29 09:43:43,6e848c25-d6c4-425d-b543-f1d7be2a767e,NVDA,BUY,512.4200,5,PAIR-BID-REPRICE vote=None ema=0.0,638
2020-10-29 09:43:43,da545b6e-f62e-45df-8af6-c9707fe52d57,NVDA,BUY,512.4200,5,PAIR-BID-REPRICE vote=None ema=0.0,639
2020-10-29 09:43:43,5ad01da8-00d6-4945-9443-afda4f6a6b16,NVDA,BUY,512.4200,5,PAIR-BID-REPRICE vote=None ema=0.0,640
2020-10-29 09:43:43,f8884a41-570d-4ee5-9111-3fa9d1a9b929,NVDA,BUY,512.4200,5,PAIR-BID-REPRICE vote=None ema=0.0,641
2020-10-29 09:43:43,bb24555f-2085-45bd-b8a0-0f922fe6bab3,NVDA,BUY,512.4200,5,PAIR-BID-REPRICE vote=None ema=0.0,642
2020-10-29 09:43:43,d1bc1c1e-d0ca-48c2-8060-5094f3cbfca9,NVDA,BUY,512.4200,5,PAIR-BID-REPRICE vote=None ema=0.0,643
2020-10-29 09:43:43,eab97e98-1132-40d3-9dd1-76d5e4d89c5a,NVDA,BUY,512.4200,5,PAIR-BID-REPRICE vote=None ema=0.0,644
2020-10-29 09:43:43,4f60c3e2-85de-4125-a63b-e4a86098e0f9,NVDA,BUY,512.4200,5,PAIR-BID-REPRICE vote=None ema=0.0,645
2020-10-29 09:43:43,9c122297-e3aa-4d6d-ac40-a07f1dbc2ad6,NVDA,BUY,512.4200,5,PAIR-BID-REPRICE vote=None ema=0.0,646
2020-10-29 09:43:43,a95378b6-a1b6-4482-9fef-466cc4b2da5d,NVDA,BUY,512.4200,5,PAIR-BID-REPRICE vote=None ema=0.0,647
2020-10-29 09:43:43,a4af16da-6728-4099-a287-e899669b04ee,NVDA,BUY,512.4200,5,PAIR-BID-REPRICE vote=None ema=0.0,648
2020-10-29 09:43:43,d980b4fd-0c5f-4bc8-b390-067440769863,NVDA,BUY,512.4200,5,PAIR-BID-REPRICE vote=None ema=0.0,649
2020-10-29 09:43:43,022c662a-1b12-4b8b-98fd-2ba8f62c23e7,NVDA,BUY,512.4200,5,PAIR-BID-REPRICE vote=None ema=0.0,650
2020-10-29 09:43:43,ddd8dbe7-b706-41cc-b799-bcc78c9555fa,NVDA,BUY,512.4200,5,PAIR-BID-REPRICE vote=None ema=0.0,651
2020-10-29 09:43:43,dbab0d9f-476c-499c-98c4-e50ecfa7ab1b,NVDA,BUY,512.4200,5,PAIR-BID-REPRICE vote=None ema=0.0,652
2020-10-29 09:43:43,35de50a8-658e-4353-9c4f-83614374661d,NVDA,BUY,512.4200,5,PAIR-BID-REPRICE vote=None ema=0.0,653
2020-10-29 09:43:43,6a39901b-62a3-47d1-8c55-c8a75bd1aab6,NVDA,BUY,512.4200,5,PAIR-BID-REPRICE vote=None ema=0.0,654
2020-10-29 09:43:43,a5852108-b81d-483d-959d-fba398f00641,NVDA,BUY,512.4200,5,PAIR-BID-REPRICE vote=None ema=0.0,655
2020-10-29 09:43:43,2045240a-4092-46d9-9ace-9c64604c7fa3,NVDA,BUY,512.4200,5,PAIR-BID-REPRICE vote=None ema=0.0,656
2020-10-29 09:43:43,e3f0197e-78d1-43b4-b943-1091a5f66fdf,NVDA,BUY,512.4200,5,PAIR-BID-REPRICE vote=None ema=0.0,657
2020-10-29 09:43:43,b50bae3e-1333-4a77-bc8b-e685702ae665,NVDA,BUY,512.4200,5,PAIR-BID-REPRICE vote=None ema=0.0,658
2020-10-29 09:43:43,d1e46c4b-6059-47f2-a5ff-73a947bc835d,NVDA,BUY,512.4200,5,PAIR-BID-REPRICE vote=None ema=0.0,659
2020-10-29 09:43:43,b789ba02-bd15-47de-bd60-8b615af89b48,NVDA,BUY,512.4200,5,PAIR-BID-REPRICE vote=None ema=0.0,660
2020-10-29 09:43:43,ec254f42-f135-4617-a213-6bf0c0f673c5,NVDA,BUY,512.4200,5,PAIR-BID-REPRICE vote=None ema=0.0,661
2020-10-29 09:43:43,eceaf078-a97d-4438-ae6d-f8d1561852d7,NVDA,BUY,512.4200,5,PAIR-BID-REPRICE vote=None ema=0.0,662
2020-10-29 09:43:43,4282be32-4373-4234-8b72-9e3cccf0b0ee,NVDA,BUY,512.4200,5,PAIR-BID-REPRICE vote=None ema=0.0,663
2020-10-29 09:43:43,30fd2cdd-5cbe-47e4-b912-d818f36b1d86,NVDA,BUY,512.4200,5,PAIR-BID-REPRICE vote=None ema=0.0,664
2020-10-29 09:43:43,393de500-ae0a-4749-bfea-b8ff8a37a0b5,NVDA,BUY,512.4200,5,PAIR-BID-REPRICE vote=None ema=0.0,665
2020-10-29 09:43:43,4c2cf657-2249-4768-b692-e45abeb2ad7a,NVDA,BUY,512.4200,5,PAIR-BID-REPRICE vote=None ema=0.0,666
2020-10-29 09:43:43,126eb635-e495-42d1-af48-c54ecfa53c88,NVDA,BUY,512.4200,5,PAIR-BID-REPRICE vote=None ema=0.0,667
2020-10-29 09:43:43,47abdabc-56b3-4c35-b1f5-d4225426d660,NVDA,BUY,512.4200,5,PAIR-BID-REPRICE vote=None ema=0.0,668
2020-10-29 09:43:43,ba7377dd-bd75-466d-868f-dbb8d331300c,NVDA,BUY,512.4200,5,PAIR-BID-REPRICE vote=None ema=0.0,669
2020-10-29 09:43:43,a2637053-054c-4b7d-97e1-3575cb8def1a,NVDA,BUY,512.4200,5,PAIR-BID-REPRICE vote=None ema=0.0,670
2020-10-29 09:43:43,eac9209c-efd0-4b89-af43-fb3fb5c50e4e,NVDA,BUY,512.4200,5,PAIR-BID-REPRICE vote=None ema=0.0,671
2020-10-29 09:43:43,78a7eb13-8361-4e5b-b7de-841e66a5823a,NVDA,BUY,512.4200,5,PAIR-BID-REPRICE vote=None ema=0.0,672
2020-10-29 09:43:43,36aeae24-d11a-48fc-b0a9-1f0b62bd821f,NVDA,BUY,512.4200,5,PAIR-BID-REPRICE vote=None ema=0.0,673
2020-10-29 09:43:43,9aa5a5a2-e9ee-402a-9410-1087ff7bda3f,NVDA,BUY,512.4200,5,PAIR-BID-REPRICE vote=None ema=0.0,674
2020-10-29 09:43:43,db471c53-7329-4a01-b302-d3bc2b61a4b0,NVDA,BUY,512.4200,5,PAIR-BID-REPRICE vote=None ema=0.0,675
2020-10-29 09:43:43,c8633ad6-28ab-42c1-a4a8-f9ba8718e8da,NVDA,BUY,512.4200,5,PAIR-BID-REPRICE vote=None ema=0.0,676
2020-10-29 09:43:43,5a809d36-f84e-4442-9107-5ebcb8924358,NVDA,BUY,512.4200,5,PAIR-BID-REPRICE vote=None ema=0.0,677
2020-10-29 09:43:43,541cdc61-9ef6-4e9d-9ecb-a40f018d7591,NVDA,BUY,512.4200,5,PAIR-BID-REPRICE vote=None ema=0.0,678
2020-10-29 09:43:43,2f8b944d-c3e3-4b21-b892-3c5a90542473,NVDA,BUY,512.4200,5,PAIR-BID-REPRICE vote=None ema=0.0,679
2020-10-29 09:43:43,1ca8d542-6f4b-4e85-8d5c-b1e82f8d795a,NVDA,BUY,512.4200,5,PAIR-BID-REPRICE vote=None ema=0.0,680
2020-10-29 09:43:43,86bb8475-73d2-4881-9bba-540e86f03f4c,NVDA,BUY,512.4200,5,PAIR-BID-REPRICE vote=None ema=0.0,681
2020-10-29 09:43:43,a8e02bf2-b128-4dd3-a2a5-76b18aae111d,NVDA,BUY,512.4200,5,PAIR-BID-REPRICE vote=None ema=0.0,682
2020-10-29 09:43:43,a2de78cd-579a-4491-9998-81c81d75864b,NVDA,BUY,512.4200,5,PAIR-BID-REPRICE vote=None ema=0.0,683
2020-10-29 09:43:43,f39cc411-a0dc-45c0-80d5-36e7c1e85645,NVDA,BUY,512.4200,5,PAIR-BID-REPRICE vote=None ema=0.0,684
2020-10-29 09:43:43,1ae1bf8a-861d-476f-b572-e2e1efa92901,NVDA,BUY,512.4200,5,PAIR-BID-REPRICE vote=None ema=0.0,685
2020-10-29 09:43:43,a60569ca-d93f-4ab7-9d9a-7f93e9052725,NVDA,BUY,512.4200,5,PAIR-BID-REPRICE vote=None ema=0.0,686
2020-10-29 09:43:43,7597182d-eae6-48e0-a606-4edb27bda685,NVDA,BUY,512.4200,5,PAIR-BID-REPRICE vote=None ema=0.0,687
2020-10-29 09:43:43,7d827a20-9f67-4f17-8619-644edc5abfad,NVDA,BUY,512.4200,5,PAIR-BID-REPRICE vote=None ema=0.0,688
2020-10-29 09:43:43,ad102f7a-4e29-467e-84d5-202789d19f51,NVDA,BUY,512.4200,5,PAIR-BID-REPRICE vote=None ema=0.0,689
2020-10-29 09:43:43,ca22d239-8f36-48d9-944f-31cdb3c58ab8,NVDA,BUY,512.4200,5,PAIR-BID-REPRICE vote=None ema=0.0,690
2020-10-29 09:43:43,06c6b9b5-67c4-45a3-a6b3-97ab0c511488,NVDA,BUY,512.4200,5,PAIR-BID-REPRICE vote=None ema=0.0,691
2020-10-29 09:43:43,a7c2bf81-1a1e-42d2-96e3-d1a1da559d63,NVDA,BUY,512.4200,5,PAIR-BID-REPRICE vote=None ema=0.0,692
2020-10-29 09:43:43,e4055206-a848-4829-933a-f3733ea9c8ba,NVDA,BUY,512.4200,5,PAIR-BID-REPRICE vote=None ema=0.0,693
2020-10-29 09:43:43,0b398752-ff43-41a5-8b5d-c4f4e2b87037,NVDA,BUY,512.4200,5,PAIR-BID-REPRICE vote=None ema=0.0,694
2020-10-29 09:43:43,a59e0e95-46ed-4063-a528-4cc3e885813f,NVDA,BUY,512.4200,5,PAIR-BID-REPRICE vote=None ema=0.0,695
2020-10-29 09:43:43,4fa4b909-49dc-4cbb-bdab-aac16572300c,NVDA,BUY,512.4200,5,PAIR-BID-REPRICE vote=None ema=0.0,696
2020-10-29 09:43:43,a47b0f80-b5d1-4839-9faf-ff840cf75608,NVDA,BUY,512.4200,5,PAIR-BID-REPRICE vote=None ema=0.0,697
2020-10-29 09:43:43,32eb7679-6ed7-49db-924e-9e13d81eeb1f,NVDA,BUY,512.4200,5,PAIR-BID-REPRICE vote=None ema=0.0,698
2020-10-29 09:43:43,465abb0f-651c-435e-9935-5f44ee7edfc2,NVDA,BUY,512.4200,5,PAIR-BID-REPRICE vote=None ema=0.0,699
2020-10-29 09:43:43,11f92548-34c4-492d-9747-4c77e1a26fb4,NVDA,BUY,512.4200,5,PAIR-BID-REPRICE vote=None ema=0.0,700
2020-10-29 09:43:43,33446c64-ad17-4ebe-afa5-8e4834c8dba7,NVDA,BUY,512.4200,5,PAIR-BID-REPRICE vote=None ema=0.0,701
2020-10-29 09:43:43,a7c6eb2d-3b6d-4ce0-953a-b8c47bec3608,NVDA,BUY,512.4200,5,PAIR-BID-REPRICE vote=None ema=0.0,702
2020-10-29 09:43:43,7936e388-da04-4112-87c0-e865a43d45ad,NVDA,BUY,512.4200,5,PAIR-BID-REPRICE vote=None ema=0.0,703
2020-10-29 09:43:43,7fa06a7c-6a74-420f-91e6-1268567c2b60,NVDA,BUY,512.4200,5,PAIR-BID-REPRICE vote=None ema=0.0,704
2020-10-29 09:43:43,3ea1cd7f-579d-42c1-b102-acde2eb64adc,NVDA,BUY,512.4200,5,PAIR-BID-REPRICE vote=None ema=0.0,705
2020-10-29 09:43:43,6f126075-2cea-4180-9476-89d16292e5ac,NVDA,BUY,512.4200,5,PAIR-BID-REPRICE vote=None ema=0.0,706
2020-10-29 09:43:43,7b95ac1f-dce2-49ef-8df5-2a059fc597ec,NVDA,BUY,512.4200,5,PAIR-BID-REPRICE vote=None ema=0.0,707
2020-10-29 09:43:43,6640e200-ff8f-486c-b8e5-ad2f29569e31,NVDA,BUY,512.4200,5,PAIR-BID-REPRICE vote=None ema=0.0,708
2020-10-29 09:43:43,82d8f47c-a2ee-454d-947b-4d75a70844d7,NVDA,BUY,512.4200,5,PAIR-BID-REPRICE vote=None ema=0.0,709
2020-10-29 09:43:43,de1a16be-4777-459c-932f-f68d604d3d3a,NVDA,BUY,512.4200,5,PAIR-BID-REPRICE vote=None ema=0.0,710
2020-10-29 09:43:43,dd3bfe02-f500-476b-96aa-8a4776e2a350,NVDA,BUY,512.4200,5,PAIR-BID-REPRICE vote=None ema=0.0,711
2020-10-29 09:43:43,ad37497d-8822-45d2-80c7-f5e7d171447e,NVDA,BUY,512.4200,5,PAIR-BID-REPRICE vote=None ema=0.0,712
2020-10-29 09:43:43,28a4d75e-aa07-4ddb-8aff-389d0b8802eb,NVDA,BUY,512.4200,5,PAIR-BID-REPRICE vote=None ema=0.0,713
2020-10-29 09:43:43,fd4f993e-b1fc-4d09-807e-74aabba058a4,NVDA,BUY,512.4200,5,PAIR-BID-REPRICE vote=None ema=0.0,714
2020-10-29 09:43:43,e1788fa7-554a-41e9-86a2-c7f183709b7e,NVDA,BUY,512.4200,5,PAIR-BID-REPRICE vote=None ema=0.0,715
2020-10-29 09:43:43,58173e64-ba57-4895-97de-102f483a2a41,NVDA,BUY,512.4200,5,PAIR-BID-REPRICE vote=None ema=0.0,716
2020-10-29 09:43:43,eded0ad4-7892-4e5f-b3e8-669a2e3e69ff,NVDA,BUY,512.4200,5,PAIR-BID-REPRICE vote=None ema=0.0,717
2020-10-29 09:43:43,adea2a62-b081-4d6c-8d9e-61616a52446c,NVDA,BUY,512.4200,5,PAIR-BID-REPRICE vote=None ema=0.0,718
2020-10-29 09:43:43,fbdb33de-bdca-4d47-ae78-cb0c11b9bd06,NVDA,BUY,512.4200,5,PAIR-BID-REPRICE vote=None ema=0.0,719
2020-10-29 09:43:43,5ed1c45c-6be4-4a7d-96c9-62f44f6bc487,NVDA,BUY,512.4200,5,PAIR-BID-REPRICE vote=None ema=0.0,720
2020-10-29 09:43:43,1d8e6877-5de8-4815-b965-7b1a94ab74bf,NVDA,BUY,512.4200,5,PAIR-BID-REPRICE vote=None ema=0.0,721
2020-10-29 09:43:43,bdb8cdb1-bc8a-420e-8229-6d1846c70e82,NVDA,BUY,512.4200,5,PAIR-BID-REPRICE vote=None ema=0.0,722
2020-10-29 09:43:43,c827d650-5998-484b-aea9-0a0640906bac,NVDA,BUY,512.4200,5,PAIR-BID-REPRICE vote=None ema=0.0,723
2020-10-29 09:43:43,d577d39e-f9b8-4b54-ba0d-61560c92638b,NVDA,BUY,512.4200,5,PAIR-BID-REPRICE vote=None ema=0.0,724
2020-10-29 09:43:43,8842b929-d334-456f-97bc-bd9fa91e50c1,NVDA,BUY,512.4200,5,PAIR-BID-REPRICE vote=None ema=0.0,725
2020-10-29 09:43:43,fe584499-6e4f-4125-b9b1-9377df19728b,NVDA,BUY,512.4200,5,PAIR-BID-REPRICE vote=None ema=0.0,726
2020-10-29 09:43:43,14e7e85d-b6dd-458e-930f-72224d9e7bae,NVDA,BUY,512.4200,5,PAIR-BID-REPRICE vote=None ema=0.0,727
2020-10-29 09:43:43,74056a35-5a2e-46f6-a401-094ad0c2fefe,NVDA,BUY,512.4200,5,PAIR-BID-REPRICE vote=None ema=0.0,728
2020-10-29 09:43:43,e0574641-9f2f-477f-bda3-21b7ce9c4790,NVDA,BUY,512.4200,5,PAIR-BID-REPRICE vote=None ema=0.0,729
2020-10-29 09:43:43,603f461d-a1fe-4972-8892-ee4dcbabd06e,NVDA,BUY,512.4200,5,PAIR-BID-REPRICE vote=None ema=0.0,730
2020-10-29 09:43:43,63739c83-c649-444a-b6c1-ed437675d5d6,NVDA,BUY,512.4200,5,PAIR-BID-REPRICE vote=None ema=0.0,731
2020-10-29 09:43:43,86f2bc2d-04f9-453f-acb3-658088571585,NVDA,BUY,512.4200,5,PAIR-BID-REPRICE vote=None ema=0.0,732
2020-10-29 09:43:43,12a2a53c-bb52-4263-96b1-268ceca87fa9,NVDA,BUY,512.4200,5,PAIR-BID-REPRICE vote=None ema=0.0,733
2020-10-29 09:43:43,5c3b96bf-dbec-4e2e-9269-f58dd8aa206f,NVDA,BUY,512.4200,5,PAIR-BID-REPRICE vote=None ema=0.0,734
2020-10-29 09:43:43,b0040477-09eb-4aca-8a89-3ad4f422f4c1,NVDA,BUY,512.4200,5,PAIR-BID-REPRICE vote=None ema=0.0,735
2020-10-29 09:30:58,43db3488-583f-405f-83cf-3c09c14dc825,NVDA,BUY,514.2300,5,PAIR-BID vote=BUY ema=68.2,16
2020-10-29 09:31:00,f6200cdd-14dc-4462-a21b-a0d1c06a8ef0,NVDA,BUY,514.2300,5,PAIR-BID-REPRICE vote=BUY ema=67.7,17
2020-10-29 09:31:02,3b462c61-7203-4e8d-bc44-40fac4b46364,NVDA,BUY,514.4500,5,PAIR-BID-REPRICE vote=BUY ema=68.4,18
2020-10-29 09:31:04,9f4291bd-1441-423c-af8b-7f1a71b3b2c0,NVDA,BUY,515.0700,5,PAIR-BID-REPRICE vote=BUY ema=65.7,19
2020-10-29 09:31:06,2b87133f-ca99-42af-a2b2-c6f1a24d56f5,NVDA,BUY,515.0700,5,PAIR-BID-REPRICE vote=BUY ema=63.3,20
2020-10-29 09:31:07,78c1c946-92d1-4d52-85ff-2d1354551358,NVDA,SELL,515.6600,4,ASK-NEAR SELL fill=515.0700,21
2020-10-29 09:31:07,7089542c-cee3-49be-98ae-28bac5f9d308,NVDA,SELL,516.2500,1,ASK-FAR SELL fill=515.0700,21
2020-10-29 09:31:48,7cb5b1fc-457e-4647-b373-e4dd1b7db2d8,NVDA,SELL,513.4200,6,LIQUIDATE-TIMEOUT,61
2020-10-29 09:35:02,4af1ea23-fc2c-49a3-90c3-eef6569239cc,NVDA,BUY,513.7800,5,PAIR-BID vote=BUY ema=36.9,257
2020-10-29 09:35:07,1f5064a3-0b2b-4c39-b17b-4964e296ffb2,NVDA,BUY,513.8300,5,PAIR-BID-REPRICE vote=BUY ema=32.3,258
2020-10-29 09:35:12,38346135-fe53-4586-8764-ee220937d1f5,NVDA,BUY,514.2800,5,PAIR-BID-REPRICE vote=BUY ema=34.6,259
2020-10-29 09:35:18,9a081770-c3d2-4119-9178-b9e85d0f5806,NVDA,BUY,514.3700,5,PAIR-BID-REPRICE vote=BUY ema=34.8,260
2020-10-29 09:35:22,4654dc21-338f-407e-b44a-e4d3b6410195,NVDA,BUY,514.5300,5,PAIR-BID-REPRICE vote=BUY ema=32.9,261
2020-10-29 09:35:26,463cb0b2-eaf3-45ed-88ac-4eb0ff19e6f7,NVDA,BUY,514.7800,5,PAIR-BID-REPRICE vote=BUY ema=38.3,262
2020-10-29 09:35:28,134f02cb-aef4-47c5-be91-9b9e5fd04eff,NVDA,BUY,514.6000,5,PAIR-BID-REPRICE vote=BUY ema=36.5,263
2020-10-29 09:35:31,b7d0ed7d-647a-45cf-ace6-cfd8f4101705,NVDA,BUY,514.6200,5,PAIR-BID-REPRICE vote=BUY ema=38.6,264
2020-10-29 09:35:35,81f2b8c9-b5d6-4fc9-a4d1-3af2bd1dae8e,NVDA,BUY,514.5200,5,PAIR-BID-REPRICE vote=BUY ema=27.8,265
2020-10-29 09:35:41,c6860012-627b-46aa-8b28-0d186b6298e1,NVDA,BUY,514.6000,5,PAIR-BID-REPRICE vote=BUY ema=26.5,266
2020-10-29 09:36:20,68815d91-c84b-48c9-b4d5-f558867dd46f,NVDA,BUY,515.7100,5,PAIR-BID vote=BUY ema=58.1,301
2020-10-29 09:36:22,0f91d92f-f2d4-4a43-b135-d76040d99311,NVDA,BUY,515.7100,5,PAIR-BID-REPRICE vote=BUY ema=48.3,302
2020-10-29 09:36:23,db0c59e5-fcb7-43a3-a179-46409441e794,NVDA,SELL,516.0600,4,ASK-NEAR SELL fill=515.6000,303
2020-10-29 09:36:23,8cb8e602-6d60-4cb6-85fd-cba96370b9c2,NVDA,SELL,516.5200,1,ASK-FAR SELL fill=515.6000,303
2020-10-29 09:36:39,f1d8d0ce-9415-43ed-a9ed-a2a4ad638f68,NVDA,SELL,514.6500,18,LIQUIDATE-FLIP,319
2020-10-29 09:36:40,9ba5dc26-3cbb-4fdb-9f21-e280f292218f,NVDA,SELL,515.1400,5,PAIR-BID vote=SELL ema=-45.5,319
2020-10-29 09:36:43,3bc0d297-776e-41a1-8253-8a5f692e0b0d,NVDA,SELL,515.1400,5,PAIR-BID-REPRICE vote=SELL ema=-42.0,320
2020-10-29 09:36:45,52dcb38e-c58f-4e2c-8309-2f3af074cd88,NVDA,SELL,514.8800,5,PAIR-BID-REPRICE vote=SELL ema=-39.8,321
2020-10-29 09:36:47,35470e5e-4ba3-4ed6-a313-9e6a4a3d1bb7,NVDA,SELL,514.7300,5,PAIR-BID-REPRICE vote=SELL ema=-38.7,322
2020-10-29 09:36:49,4545fcbd-dbd0-4fc4-9bc6-84a4a5f6e7a1,NVDA,SELL,514.8000,5,PAIR-BID-REPRICE vote=SELL ema=-27.6,323
2020-10-29 09:36:50,90a1f548-bc47-4896-90c7-06227e4df347,NVDA,SELL,514.7800,5,PAIR-BID-REPRICE vote=SELL ema=-25.8,324
2020-10-29 09:36:53,97be4173-9e47-462e-9778-baa1bffae895,NVDA,SELL,514.3000,5,PAIR-BID-REPRICE vote=SELL ema=-31.3,325
2020-10-29 09:37:15,7c7215a2-9edc-4af6-8a00-e5ed5b95f867,NVDA,BUY,515.7000,5,PAIR-BID vote=BUY ema=87.7,346
2020-10-29 09:37:16,37c43c1f-4ab7-4531-a4cd-7ebf7ceead71,NVDA,BUY,515.8400,5,PAIR-BID-REPRICE vote=BUY ema=77.1,347
2020-10-29 09:37:19,03187df1-2a06-4db3-ace4-c87fc60b66b4,NVDA,BUY,515.7600,5,PAIR-BID-REPRICE vote=BUY ema=64.4,348
2020-10-29 09:37:21,c7f66c8b-9b47-4b50-9774-e3d0a64aa32c,NVDA,BUY,515.9600,5,PAIR-BID-REPRICE vote=BUY ema=49.9,349
2020-10-29 09:37:22,f1a306d9-8468-476b-a359-247b97adaad9,NVDA,SELL,516.1100,4,ASK-NEAR SELL fill=515.9600,350
2020-10-29 09:37:22,db76fefa-6697-4d8a-a2dd-56687ad21a1c,NVDA,SELL,516.2600,1,ASK-FAR SELL fill=515.9600,350
2020-10-29 09:37:41,25f9593f-f589-48ef-bc6e-5ad2a5a07d3f,NVDA,BUY,516.7000,5,PAIR-BID vote=BUY ema=72.0,368
2020-10-29 09:37:42,e536a1d9-0fb6-4794-a93a-5287ce6e64f3,NVDA,SELL,517.0700,4,ASK-NEAR SELL fill=516.7000,369
2020-10-29 09:37:42,cfc2a6be-1924-47b6-8c47-88f73290fe5a,NVDA,SELL,517.4400,1,ASK-FAR SELL fill=516.7000,369
2020-10-29 09:37:44,10aeb042-59cc-4cec-8454-fe86a552e8a2,NVDA,BUY,516.6900,4,PAIR-BID-REPRICE-FILLING rem=4L,370
2020-10-29 09:37:44,107f0509-b90b-4d1e-9cd6-fbeb843ca979,NVDA,SELL,517.0600,4,ASK-NEAR-REPOST,370
2020-10-29 09:37:44,831b0e69-9f9b-457d-8421-eda037e7b43a,NVDA,SELL,517.4200,1,ASK-FAR-REPOST,370
2020-10-29 09:40:09,e00c00ae-d384-4122-8112-d1c7bbd48131,NVDA,BUY,516.0000,5,PAIR-BID vote=BUY ema=98.1,513
2020-10-29 09:40:10,92e47bf2-9107-4b12-9064-0331e47849ee,NVDA,BUY,515.9900,5,PAIR-BID-REPRICE vote=BUY ema=93.1,514
2020-10-29 09:40:11,2d6f5eae-ebcb-485b-9422-9392b9a82eb4,NVDA,BUY,515.9700,5,PAIR-BID-REPRICE vote=BUY ema=83.5,515
2020-10-29 09:40:15,41c31128-b1b7-4736-9c2f-ce3bec28d074,NVDA,BUY,515.2700,5,PAIR-BID-REPRICE vote=BUY ema=65.5,516
2020-10-29 09:40:16,cf64add8-7ebe-4ff0-a6d9-9c89580c859b,NVDA,BUY,515.2500,5,PAIR-BID-REPRICE vote=BUY ema=44.8,517
2020-10-29 09:40:17,c58d7fa4-aff9-4942-be55-815276c3bca1,NVDA,BUY,515.2500,5,PAIR-BID-REPRICE vote=BUY ema=24.1,518
2020-10-29 09:40:37,a3d4da7b-2a0a-42b0-bbae-08610aa582d1,NVDA,SELL,514.7300,5,PAIR-BID vote=SELL ema=-35.2,535
2020-10-29 09:40:39,f291ef82-1cba-4eb9-bc0a-2100263cbc4e,NVDA,SELL,514.7300,5,PAIR-BID-REPRICE vote=SELL ema=-39.8,536
2020-10-29 09:40:41,907db409-0fdc-4f6c-af23-f00f00374899,NVDA,SELL,514.7200,5,PAIR-BID-REPRICE vote=SELL ema=-48.6,537
2020-10-29 09:40:42,5c646782-3a7f-43ac-a16c-d5b36bc86a17,NVDA,BUY,514.2500,4,ASK-NEAR BUY fill=514.7200,538
2020-10-29 09:40:42,e4cd079e-5ce0-4741-98c0-e00b61f47527,NVDA,BUY,513.7800,1,ASK-FAR BUY fill=514.7200,538
2020-10-29 09:40:44,b20d3cdd-f5b5-4ce5-a604-b5f20002ae37,NVDA,SELL,514.5100,4,PAIR-BID-REPRICE-FILLING rem=4L,539
2020-10-29 09:40:44,6a373f69-d4e5-4575-855c-8098c06bde4f,NVDA,BUY,514.8700,4,ASK-NEAR-REPOST,539
2020-10-29 09:40:44,d73141cc-b4ad-4621-b543-ab20a30bc2e3,NVDA,BUY,515.2300,1,ASK-FAR-REPOST,539
2020-10-29 09:40:46,f34d0caa-6898-4fd3-95c2-340668fed5f4,NVDA,SELL,514.5100,4,PAIR-BID-REPRICE-FILLING rem=4L,540
2020-10-29 09:40:46,9b8cd1e0-cf35-458d-bfa2-ca0091af9117,NVDA,BUY,514.8700,4,ASK-NEAR-REPOST,540
2020-10-29 09:40:46,488f026a-6286-4ce2-82db-549b0cf7683a,NVDA,BUY,515.2300,1,ASK-FAR-REPOST,540
2020-10-29 09:40:48,599a8157-56d9-41f9-a5b1-09d09fd49522,NVDA,SELL,514.4200,4,PAIR-BID-REPRICE-FILLING rem=4L,541
2020-10-29 09:40:48,8ab243f3-619f-4a60-94ab-1dde84df6c52,NVDA,BUY,514.9100,4,ASK-NEAR-REPOST,541
2020-10-29 09:40:48,8144ad92-c092-4fe5-9026-74f9a6a064e5,NVDA,BUY,515.4000,1,ASK-FAR-REPOST,541
2020-10-29 09:40:50,48d87cf2-26ee-4724-9ccc-a116d7170e45,NVDA,SELL,514.3300,4,PAIR-BID-REPRICE-FILLING rem=4L,542
2020-10-29 09:40:50,103e39f9-0bdb-40ab-99ef-25644f089880,NVDA,BUY,514.7900,4,ASK-NEAR-REPOST,542
2020-10-29 09:40:50,5f390a67-95b1-4fdd-9cb1-198f867a284b,NVDA,BUY,515.2500,1,ASK-FAR-REPOST,542
2020-10-29 09:40:52,239c6f1e-d799-4ad5-be73-98922194bcee,NVDA,SELL,514.7100,5,PAIR-BID vote=SELL ema=-71.1,543
2020-10-29 09:40:53,ab533f22-7585-42a0-a18c-16dbb5e934e1,NVDA,BUY,514.2000,4,ASK-NEAR BUY fill=514.7100,544
2020-10-29 09:40:53,597039a4-92dc-46cd-b893-124d5b881b42,NVDA,BUY,513.6900,1,ASK-FAR BUY fill=514.7100,544
2020-10-29 09:41:23,f313fbfc-218f-41fb-8e2f-550c8a41bfa4,NVDA,SELL,513.2700,5,PAIR-BID vote=SELL ema=-135.0,573
2020-10-29 09:41:25,f64a850b-fa95-4f53-aba4-d0d3b2e98c86,NVDA,SELL,513.2900,5,PAIR-BID-REPRICE vote=SELL ema=-125.5,574
2020-10-29 09:41:26,a0a8b268-c129-4051-9da8-d5e1e7e54cb1,NVDA,BUY,512.8600,4,ASK-NEAR BUY fill=513.2900,575
2020-10-29 09:41:26,546f9856-3fd2-4ba9-901a-58f14487d6a2,NVDA,BUY,512.4300,1,ASK-FAR BUY fill=513.2900,575
2020-10-29 09:42:08,e1251c30-c244-41e9-b4a0-266eb527e46e,NVDA,SELL,513.5800,14,LIQUIDATE-TIMEOUT,615
2020-10-29 09:42:27,9093b788-8a8d-476f-b1f6-b3bdc23915e7,NVDA,SELL,512.8000,5,PAIR-BID vote=SELL ema=-70.7,634
2020-10-29 09:42:28,ed591d49-b4eb-4b42-98e7-93cf999b78e0,NVDA,BUY,512.2300,4,ASK-NEAR BUY fill=512.8000,635
2020-10-29 09:42:28,c773c79e-945b-496a-88bb-b502f4862fb5,NVDA,BUY,511.6600,1,ASK-FAR BUY fill=512.8000,635
2020-10-29 09:43:08,1f5d7d9b-5640-4049-a55e-6a204c728a2e,NVDA,SELL,510.7200,5,PAIR-BID vote=SELL ema=-55.3,674
2020-10-29 09:43:10,9e937a15-dc01-4f35-b4a5-8e440e0274ba,NVDA,SELL,510.7200,5,PAIR-BID-REPRICE vote=SELL ema=-49.8,675
2020-10-29 09:43:11,433f7009-cd23-4a2b-829e-5e4d1eb8c45a,NVDA,BUY,510.3900,4,ASK-NEAR BUY fill=510.7200,676
2020-10-29 09:43:11,b5ab8686-14d2-40c1-809b-b7230899e89e,NVDA,BUY,510.0600,1,ASK-FAR BUY fill=510.7200,676
2020-10-29 09:43:28,a4c65727-0b16-4ad8-854c-d3dc7c2b34a3,NVDA,SELL,511.6200,3,LIQUIDATE-FLIP,692
2020-10-29 09:43:29,6b33062c-6460-45d0-97aa-e2aae8335131,NVDA,BUY,511.6600,5,PAIR-BID vote=BUY ema=49.2,692
2020-10-29 09:43:31,149a5622-3970-4af8-9192-589172b71280,NVDA,BUY,511.6600,5,PAIR-BID-REPRICE vote=BUY ema=53.9,693
2020-10-29 09:43:33,7b3c51ab-9f4e-43c6-b1b3-b1ae4d56de9e,NVDA,BUY,511.6700,5,PAIR-BID-REPRICE vote=BUY ema=64.3,694
2020-10-29 09:43:34,61a60ff3-2719-4a13-899e-1f8ea689d29f,NVDA,SELL,512.0700,4,ASK-NEAR SELL fill=511.6700,695
2020-10-29 09:43:34,5e5e9ff8-2caf-4116-9042-f6f9f3b74870,NVDA,SELL,512.4700,1,ASK-FAR SELL fill=511.6700,695
2020-10-29 09:43:44,22f4bd32-2da6-4773-bca3-b1b5b17fb319,NVDA,BUY,512.7300,5,PAIR-BID vote=BUY ema=119.4,704
2020-10-29 09:43:45,4a65c856-878c-4c2f-b674-ec9336187385,NVDA,SELL,513.1000,4,ASK-NEAR SELL fill=512.7300,705
2020-10-29 09:43:45,7563953e-e1df-4025-808f-684ababfc5de,NVDA,SELL,513.4700,1,ASK-FAR SELL fill=512.7300,705
2020-10-29 09:44:04,5d6ada15-c952-444f-8190-09882369f8f5,NVDA,BUY,513.5400,5,PAIR-BID vote=BUY ema=147.1,723
2020-10-29 09:44:06,6006726b-9836-4717-bd08-c359f74e6b4a,NVDA,BUY,513.5400,5,PAIR-BID-REPRICE vote=BUY ema=144.5,724
2020-10-29 09:44:08,d45a7e6d-1b92-4653-9497-882ff78782d5,NVDA,BUY,513.6400,5,PAIR-BID-REPRICE vote=BUY ema=140.8,725
2020-10-29 09:44:10,d92cb7e0-8023-469e-ba9a-78e6e7b90b8c,NVDA,BUY,513.8600,5,PAIR-BID-REPRICE vote=BUY ema=142.8,726
2020-10-29 09:44:12,05906bd8-51af-4c80-a62d-c36dcc57914e,NVDA,BUY,514.2100,5,PAIR-BID-REPRICE vote=BUY ema=148.9,727
2020-10-29 09:44:13,18467a0d-e2be-488f-acac-0b6562243328,NVDA,SELL,514.5300,4,ASK-NEAR SELL fill=513.9000,728
2020-10-29 09:44:13,f188ee8f-9f1b-4c73-be36-4bb2094e20c1,NVDA,SELL,515.1600,1,ASK-FAR SELL fill=513.9000,728
2020-10-29 09:44:54,dc8fcfb3-7998-465e-be41-b1b317e5dc43,NVDA,SELL,513.2200,8,LIQUIDATE-TIMEOUT,768
2020-10-29 09:45:31,9197a271-91c4-4ba2-9ab2-558dc6139403,NVDA,SELL,511.7800,5,PAIR-BID vote=SELL ema=-101.0,806
2020-10-29 09:45:34,63e1662c-8ee3-4db0-991a-850de1d6afba,NVDA,SELL,511.7900,5,PAIR-BID-REPRICE vote=SELL ema=-90.8,807
2020-10-29 09:45:38,335bd11a-5f39-4b86-b5ae-599e1af74f73,NVDA,SELL,511.7300,5,PAIR-BID-REPRICE vote=SELL ema=-79.2,808
2020-10-29 09:45:42,b60000f3-6e18-49b6-b270-a31d53c50bb7,NVDA,SELL,512.2300,5,PAIR-BID-REPRICE vote=SELL ema=-61.2,809
2020-10-29 09:45:44,ab01ad7d-6d48-4533-95d0-694f3e643e09,NVDA,SELL,512.2300,5,PAIR-BID-REPRICE vote=SELL ema=-49.7,810
2020-10-29 09:45:46,2385742a-b1cb-432e-a55b-b8b7bd9dcccd,NVDA,SELL,512.2300,5,PAIR-BID-REPRICE vote=SELL ema=-42.5,811
2020-10-29 09:45:47,1b477d03-7f4e-44b7-af2f-df6aa29e6300,NVDA,BUY,511.7300,4,ASK-NEAR BUY fill=512.2300,812
2020-10-29 09:45:47,c1efa2a6-4eb7-42b1-950d-d9124b89604f,NVDA,BUY,511.2300,1,ASK-FAR BUY fill=512.2300,812
2020-10-29 09:45:48,2adf99db-d39f-474c-9efd-7ab61636f38f,NVDA,SELL,511.8100,4,PAIR-BID-REPRICE-FILLING rem=4L,813
2020-10-29 09:45:48,007f724d-785e-45da-856e-9ceb0bc1bf3e,NVDA,BUY,512.1900,4,ASK-NEAR-REPOST,813
2020-10-29 09:45:48,0cba5e23-7bb3-403d-aea6-df1dd2778be7,NVDA,BUY,512.5700,1,ASK-FAR-REPOST,813
2020-10-29 09:45:51,2790f03f-4a4a-4e93-b131-3e6e0e734236,NVDA,SELL,511.6500,4,PAIR-BID-REPRICE-FILLING rem=4L,814
2020-10-29 09:45:51,e92dfc3e-8134-48e2-8fd9-e740bfb85932,NVDA,BUY,511.9500,4,ASK-NEAR-REPOST,814
2020-10-29 09:45:51,ed19eb8b-f236-416a-8be0-77e0ec0c407f,NVDA,BUY,512.2500,1,ASK-FAR-REPOST,814
2020-10-29 09:46:13,6c9af726-b852-4c60-aded-bedbdf24dd18,NVDA,BUY,513.0400,5,LIQUIDATE-FLIP,836
2020-10-29 09:46:13,a3bfddb5-c257-40e1-a147-43223514b496,NVDA,BUY,513.2500,5,PAIR-BID vote=BUY ema=114.4,836
2020-10-29 09:46:19,b107a5ac-a57c-41d7-9073-0159b22d5936,NVDA,BUY,513.5100,5,PAIR-BID-REPRICE vote=BUY ema=108.4,837
2020-10-29 09:46:26,3546d408-d5f0-4ccd-a624-0fc3c5847d32,NVDA,BUY,513.6400,5,PAIR-BID-REPRICE vote=BUY ema=95.9,838
2020-10-29 09:46:33,115aa80d-0003-48bb-9039-717b099ef1cc,NVDA,BUY,513.3600,5,PAIR-BID-REPRICE vote=BUY ema=72.4,839
2020-10-29 09:46:40,d587030c-863e-4af5-bd7e-0fc9d8b57f2f,NVDA,BUY,513.4700,5,PAIR-BID-REPRICE vote=BUY ema=55.2,840
2020-10-29 09:46:46,bf90166e-303c-4ad7-9c47-3f6e985611e1,NVDA,BUY,513.6500,5,PAIR-BID-REPRICE vote=BUY ema=53.7,841
